-- LM_ADDRESS
INSERT INTO LM_ADDRESS(ADDRESS_ID, COUNTRY, STATE, CITY, POSTAL_CODE, STREET, NUMBER_OR_DETAIL, TAG)
VALUES (1, 'ARGENTINA', 'BUENOS AIRES CITY', 'PALERMO', 'AA2304EGM', 'HUMBOLDT', '2329', 'COMMERCE');
INSERT INTO LM_ADDRESS(ADDRESS_ID, COUNTRY, STATE, CITY, POSTAL_CODE, STREET, NUMBER_OR_DETAIL, TAG)
VALUES (2, 'ARGENTINA', 'BUENOS AIRES CITY', 'ALMAGRO', 'AA1506FDS', 'MEDRANO', '839 2B', 'HOME');

-- LM_EMPLOYEE_PROFILE
INSERT INTO LM_EMPLOYEE_PROFILE(EMPLOYEE_PROFILE_ID, DESCRIPTION) VALUES ('EMP', 'EMPLOYEE');

-- LM_PERSON_DOCUMENT
INSERT INTO LM_PERSON_DOCUMENT(PERSON_DOCUMENT_ID, DOCUMENT_TYPE, DOCUMENT_VALUE) VALUES (1, 'DNI', '14822175');
INSERT INTO LM_PERSON_DOCUMENT(PERSON_DOCUMENT_ID, DOCUMENT_TYPE, DOCUMENT_VALUE) VALUES (2, 'DNI', '37039317');

-- LM_PERSON
INSERT INTO LM_PERSON(PERSON_ID, FIRSTNAME, SURNAME, DATE_OF_BIRTH, PERSON_DOCUMENT_ID)
VALUES (1, 'Robert', 'Smith', '1975-09-21', 1);
INSERT INTO LM_PERSON(PERSON_ID, FIRSTNAME, SURNAME, DATE_OF_BIRTH, PERSON_DOCUMENT_ID)
VALUES (2, 'Billie', 'Jason', '2001-04-15', 2);

-- LM_PERSON_ADDRESS
INSERT INTO LM_PERSON_ADDRESSES(ADDRESS_ID, PERSON_ID) VALUES (2, 2);

-- LM_EMPLOYEE
INSERT INTO LM_EMPLOYEE(EMPLOYEE_ID, USERNAME, PASSWORD, PERSON_ID, PROFILE_ID, CREATED_AT, MODIFIED_AT)
VALUES (1, 'robert.smith', 'test', 1, 'EMP', CURRENT_TIMESTAMP(), NULL);

-- LM_COMMERCE
INSERT INTO LM_COMMERCE(COMMERCE_ID, COMMERCE_NAME, ADDRESS_ID, OPENS_AT, CLOSES_AT, CREATED_AT, UPDATED_AT)
VALUES (1, 'LA TOTA', 1, '09:00:00', '20:00:00', CURRENT_TIMESTAMP(), NULL);

-- LM_GAME
INSERT INTO LM_GAME(GAME_ID, LABELED_NAME, DESCRIPTION, GAME_SETTINGS)
VALUES ('QNL', 'QUINIELA DE LA CIUDAD', 'QUINIELA DE LA CIUDAD DE BUENOS AIRES (EX QUINIELA NACIONAL)', '{"results": []}');
INSERT INTO LM_GAME(GAME_ID, LABELED_NAME, DESCRIPTION, GAME_SETTINGS)
VALUES ('TMB', 'TOMBOLINA', 'TOMBOLINA DE LA CIUDAD', '{"results": []}');

-- LM_GAME_MODE
INSERT INTO LM_GAME_MODE(GAME_MODE_ID, IDENTIFICATION_CODE, DESCRIPTION, GAME_ID)
VALUES (1, 'PRV', 'PREVIA', 'QNL');
INSERT INTO LM_GAME_MODE(GAME_MODE_ID, IDENTIFICATION_CODE, DESCRIPTION, GAME_ID)
VALUES (2, 'PRM', 'PRIMERA', 'QNL');
INSERT INTO LM_GAME_MODE(GAME_MODE_ID, IDENTIFICATION_CODE, DESCRIPTION, GAME_ID)
VALUES (3, 'MAT', 'MATUTINA', 'QNL');
INSERT INTO LM_GAME_MODE(GAME_MODE_ID, IDENTIFICATION_CODE, DESCRIPTION, GAME_ID)
VALUES (4, 'VSP', 'VESPERTINA', 'QNL');
INSERT INTO LM_GAME_MODE(GAME_MODE_ID, IDENTIFICATION_CODE, DESCRIPTION, GAME_ID)
VALUES (5, 'NOC', 'NOCTURNA', 'QNL');
INSERT INTO LM_GAME_MODE(GAME_MODE_ID, IDENTIFICATION_CODE, DESCRIPTION, GAME_ID)
VALUES (6, 'UNC', 'UNICA', 'TMB');

-- LM_GAME_PLAY
INSERT INTO LM_GAME_PLAY(GAME_PLAY_ID, EXTERNAL_PLAY_ID, GAME_MODE_ID, EXECUTE_AT, EXPIRES_AT, CREATED_AT)
VALUES (1, '50244', 5, '2024-12-09 21:00:00', '2025-01-08', CURRENT_TIMESTAMP());
INSERT INTO LM_GAME_PLAY(GAME_PLAY_ID, EXTERNAL_PLAY_ID, GAME_MODE_ID, EXECUTE_AT, EXPIRES_AT, CREATED_AT)
VALUES (2, '4205', 6, '2024-12-25 15:00:00', '2025-01-08', CURRENT_TIMESTAMP());


-- LM_CUSTOMER
INSERT INTO LM_CUSTOMER(CUSTOMER_ID, PERSON_ID, CREATED_AT) VALUES (1, 2, CURRENT_TIMESTAMP());
COMMIT;